デザート,2016-12-12,39
一品物,2016-12-12,69
創作・肉寿司,2016-12-12,60
定番にぎり,2016-12-12,51
旬・特ネタ,2016-12-12,62
お椀・麺,2016-12-12,65
極みネタ,2016-12-12,60
炙り・天ぷら,2016-12-12,43
軍艦・巻物,2016-12-12,51
デザート,2016-12-13,54
一品物,2016-12-13,57
創作・肉寿司,2016-12-13,61
定番にぎり,2016-12-13,56
旬・特ネタ,2016-12-13,44
お椀・麺,2016-12-13,54
極みネタ,2016-12-13,61
炙り・天ぷら,2016-12-13,60
軍艦・巻物,2016-12-13,53
デザート,2016-12-14,49
一品物,2016-12-14,46
創作・肉寿司,2016-12-14,59
定番にぎり,2016-12-14,70
旬・特ネタ,2016-12-14,49
お椀・麺,2016-12-14,54
極みネタ,2016-12-14,57
炙り・天ぷら,2016-12-14,56
軍艦・巻物,2016-12-14,60
デザート,2016-12-15,47
一品物,2016-12-15,47
創作・肉寿司,2016-12-15,60
定番にぎり,2016-12-15,70
旬・特ネタ,2016-12-15,53
お椀・麺,2016-12-15,50
極みネタ,2016-12-15,57
炙り・天ぷら,2016-12-15,58
軍艦・巻物,2016-12-15,58
デザート,2016-12-16,51
一品物,2016-12-16,79
創作・肉寿司,2016-12-16,56
定番にぎり,2016-12-16,46
旬・特ネタ,2016-12-16,64
お椀・麺,2016-12-16,60
極みネタ,2016-12-16,36
炙り・天ぷら,2016-12-16,66
軍艦・巻物,2016-12-16,42
